{"cameraMode":{"drawMode":0,"name":"Shaded","section":"Shading Mode"},"sceneLighting":true,"audioPlay":false,"sceneViewState":{"showFog":true,"showMaterialUpdate":false,"showSkybox":true,"showFlares":true,"showImageEffects":true,"showParticleSystems":true,"showVisualEffectGraphs":true,"m_FxEnabled":true},"in2DMode":false,"pivot":{"x":-0.2771835923194885,"y":-0.08888895809650421,"z":20.93389892578125},"rotation":{"x":-0.010806683450937271,"y":0.023093663156032563,"z":-0.0002496902015991509,"w":-0.9996752142906189},"size":3.7433643341064455,"orthographic":false}